48966,thinksphynxcattery.com
48938,rebaaus.com
48937,statewidesewingmachines.com
48914,redev.net
48911,economyseptictank.com
48906,kenrayroofing.co.nz
48895,stephenssolutions.com
48878,lglvxn.ca
48870,saintjoseph.theaestheticsloungeandspa.com
48858,soundsecuritygroup.com
48841,glowingfinishfloors.com.au
48839,beautydiamondmedispa.ca
48796,qualitytirelansing.com
48790,spayneutercenter.org
48771,gillelectrical.co.nz
48753,kissandtellaestheticsca.com
48749,cropprocessors.com
48732,ofmw.health
48722,seniorcareohio.com
48701,glenellynmoving.com
48696,novakscollisioncenter.com
48695,interiortropicalgardens.com
48694,testnewtemplatesem7.com
48673,eastcoastelitecare.com
48670,wilsonandoliver.com.au
48656,otcbc.org
48647,brisbanehousepainters.net
48635,saas accounts content uploads batch 16 (211 content)
48634,austinpreferred.com
48628,testnewtemplatesca2.ca
48618,testnewtemplatesca.ca
48572,phxschools.org
48531,digohispanicmedia.com
48522,liferaftpsychiatry.com
48490,soplawwv.com
48482,adding2servicetemplate123.com
48481,adding2servicetemplate.com
48480,empnewtemplates.com
48479,platinum30apriltemplatetest.com
48477,locastarter30apriltemplates.com
48432,deniscleaningservice.com
48424,localgoldnew2025templates.com
48423,localvaluenew2025templatettesting.com
48422,newtemplatestesting.com
48397,controlsystems21.com
48372,completehomeconcepts.com
48356,lbwaesthetics.com
48352,ezcartitleloans.com
48328,silverbowinc.pro
48318,cateringbysikora.com
48306,nlshomes.com
48258,dumpsterdaddyrentals.com
48229,crewssepticsolutions.com
48217,testnewtemplates9.com
48214,wddavenportbuild.co.nz
48197,deluxebathrooms.com.au
48181,aquaforceaz.com
48166,mpspaving.com.au
48165,blastpro.com.au
48163,greenmounttimber.com.au
48158,southsidepsychology.com.au
48154,hfdperformance.com.au
48146,southjerseycopingclinic.com
48145,georgianhomecomfort.com
48142,fortfun.biz
48141,ste.com.au
48125,martechplumbing.com.au
48117,prefabtech.com.au
48112,glenvalevet.com.au
48111,rayswiftmoutrage.com.au
48103,morton-roofing.com
48097,uscni8.com
48096,uscni7.com
48095,uscni6.com
48094,uscni5.com
48092,franrogersauthor.com
48091,musicvalleynashville.com
48086,trussesandframe.com.au
48084,renseal.com.au
48078,hotdriveways.com.au
48075,waceilingfixers.com.au
48055,clearvisionexp.com
48035,steelsuppliesmelbourne.com.au
48029,hycom.com.au
48025,jdonovanlaw.ca/saint-john
48023,wkscrapmetal.com.au
48022,rogerslean.com.au
47994,wakeleyvetgroup.com.au
47987,wapickles.com.au
47982,qns.com.au
47966,mountainviewfence.org
47959,hopskotch.com.au
47958,makenestrucktraining.com.au
47955,eastcoast-geotech.com.au
47953,stevepalmersurveys.com.au
47947,thetubeworks.com.au
47946,boothcontracting.com.au
47944,lifestylewardrobestas.com.au
47942,armadaletankco.com.au
47923,aglcranes.com.au
47919,goldsprings.com.au
47912,stylewisedesigns.com.au
47909,theshredderco.com.au
47898,russellchiropracticcare.com
47897,urqgutters.ca
47896,frederictonbjj.com
47884,samin.com.au
47881,grangedentalclinic.com.au
47867,ctlmedical.com.au
47842,thegraniteexpo.com
47836,entrustpayroll.calltracking.com
47830,apollolandscaping.com.au
47827,williamsonisabella.com.au
47823,virginiabuilding.com.au
47797,richsacservices.com
47781,testnewtemplates8.com
47776,jandsservicescenter.com
47751,myjustkids.com
47744,hogansaxle.com.au
47740,bmdiesel.com.au
47737,locksmithmaroochydore.com.au
47736,murrayplumbing.net/plumber-in-cameron-park-326276
47735,murrayplumbing.net/plumber-in-folsom-ca
47726,murrayplumbing.net
47720,compits.net
47630,craigsoutheyplumbing.com.au
47628,bayoptical.com.au
47602,needcleaner.com.au
47570,beanabouttown.com
47529,winflocurtains.net.au
47515,aaronsmusicgroup.com
47508,testnewtemplates7.com
47507,testnewtemplates6.com
47506,testnewtemplates5.com
47505,testnewtemplates4.com
47504,testnewtemplates3.com
47503,testnewtemplates2.com
47502,testnewtemplates1.com
47495,affordablestumpgrinding.com.au
47492,armourlock.com.au
47489,autotorque.net.au
47484,centrestaterestumping.com.au
47375,kjfab.com.au
47371,gbeaustralia.com.au
47370,citygroup.net.au
47369,auspowerhvps.com.au/earthing-systems
47337,testthryvprojectaunew7.au
47336,testthryvprojectaunew6.au
47335,testthryvprojectaunew5.au
47334,testthryvprojectaunew4.au
47333,testthryvprojectaunew3.au
47332,testthryvprojectaunew2.au
47331,testthryvprojectaunew1.au
47328,baybreezedental.com.au
47323,fenwickdrilling.com.au
47322,abvss.com.au
47317,bryanreidfunerals.com.au
47288,symphona.us
47283,nulookwindows.com.au
47280,allpurposestorage.com.au
47273,fairfieldsubaru.com
47232,troysmithfarmevents.com
47212,instyleblinds.com.au
47208,hobartmodernhypnosis.com.au
47183,asbestas.com.au
47180,permapipe.com.au
47148,coastaldiscountwindscreens.com.au
47143,heidrichslandscaping.com.au
47089,audaciousteam.com
47070,mattjonesmotorcycles.com.au
47056,cjedemolition.com.au
47054,yourdomain218.com
47053,yourdomainislamer.com
47042,pdqequipment.com
47038,northfloridaroofscapes.com
47034,dealermerchantservices.com
46987,testthryvprojectau6.au
46979,liquidcontrols.com.au
46963,br-c.com
46952,dicksonplumbingservices.com.au
46950,jspnbookkeepingsolutions.com.au
46948,bellysairconditioning.com.au
46918,artraw.com.au
46888,bunburymowers.com.au
46885,homeguardpestcontrol.com.au
46884,philbutlerhouserelocations.com.au
46883,maintain-a-door.com.au
46881,preferredpaintingservices.com.au
46880,inls.com.au
46869,agsstone.com
46843,foutsestatelaw.com
46842,angelagreenpodiatry.com.au
46840,wmvh.com.au
46839,rowvilledentalsurgery.com.au
46837,airfix.com.au
46836,childcaremartinov.com.au
46811,valleyroofingandrepair.com
46806,billericachiropractic.com
46805,peakperformancefamilychiropractic.com
46804,dvmspecialists.com
46798,mcheritage.com.au
46797,redcliffeskylights.com.au
46796,wangaraautomatictransmission.com.au
46795,coolaircon.com.au
46779,runcorndental.com.au
46776,acorndentalcentre.com.au
46773,haigmenzel.com.au
46770,hollowayjenkins.com.au
46766,huntengineering.com.au
46765,abccoolrooms.com.au
46761,garc.com.au
46753,pellet.com.au
46745,partybaromaha.com
46744,gnbmn.com
46716,stopmasterbrakes.com.au
46712,kjblaw.com.au
46710,roofshield.net.au
46685,crittercontrolcentralpa.com
46674,marzmechanical.com
46673,southfloridahealthinstitute.com
46671,eastvalleychiro.com
46669,valleyslopeprotectiondesign.com
46668,contourlightofvenice.com
46664,affordablebailbondsphoenix.com
46663,taccollegerecruitment.com
46661,cpspeo.com
46660,paloverdepools.com
46657,gentlechiro.com
46656,tier3.consulting
46655,uemurachiropractic.com
46651,aboveandbeyondarizona.com
46650,mountainoasiswy.com
46649,momentumhwi.com
46645,alkasphalt.com
46644,medicalacupuncturegroup.com
46642,pridegaragedoors.com
46632,scrs.net.au
46611,salisburymedicalcentre.com.au
46608,chriswatkinstransport.com.au
46605,glasstintingwa.com.au
46602,pinerisepumps.com.au
46601,bendigosheetmetal.com.au
46596,dynamitepestcontrol.com.au
46584,myexcelroof.com
46581,testthryvprojectau3.au
46574,maddenglass.com.au
46562,aandacontractors.com.au
46561,bazzasfencing.com.au
46560,lonsdaleautoelectrical.com.au
46558,eastlakesselfstorage.net.au
46545,yourdomain5.com
46542,testthryvprojectau2.au
46541,testthryvprojectau.au
46524,barrymedewbuildingsupplies.com.au
46521,grenic.com.au
46514,pandpalarms.com.au
46506,healthynewvibes.com
46416,robstreeservice.com.au
46415,kannysearthmoving.com.au
46371,cabinetpaintingguru.com
46365,zakkelver.com
46362,cincinnatiheatingandcooling.com
46335,icodallas.com
46334,testthryvprojectver9.com
46327,kidstherapro.com
46316,easyroofingllc.com
46304,personalinjurylawyer-spokane.com
46281,bwairconditioning.com
46279,testthryvprojectver8.com
46278,testthryvprojectver7.com.au
46277,testthryvprojectver6.com.au
46252,testprojectver5.com
46251,testprojectver4.com
46247,testprojectver2.com
46246,testprojectver1.com
46231,baxterandborowicz.com
46205,homewellcares.com/in-home-care-fl-west-fort-myers-fl233
46202,loefo7wjevyg2pfw.com
46198,z66yq5k0m5yfx25i.com
46192,steelstorage.ca
46186,rusticofredericton.com
46185,thehappybaker.ca
46184,cannonscross.com
46174,alblountcom1.com
46154,asvd2r0eumzbah28.com
46148,leetireky.com
46113,colonialmanufacturing.com
46087,nationalvasc.com
46081,platinumelectricservice.com
46045,sea-oats.com
45851,hleinc.net
45849,thryvwashere.com
45845,alblountcom123.com
45842,uniteddynamicsinc.com
45815,xmetropolitan.com
45752,beachestms.com
45678,testingproj-4.com
45677,testingproj-3.com
45676,testingproj-2.com
45657,mysugarsugar.com/locations/chandler
45650,windowworldpa.com
45619,printsrus.com
45618,millertriallaw.com
45607,mspodiatry.com
45581,prioritypaintingservices.com
45492,hortontree.com
45488,palmettoinjurylawyers.com
45471,carmelrealtycompany.com
45468,testingproj2.com
45414,couleerefrigeration.com
45374,cosmed-aesthetics.com
45207,williamscarpetabcdefg.com
45196,jrswanson.com
45195,zurichmedspa.com
45185,testingproj1.com
45124,homewellcares.com/in-home-care-fl-clermont-fl129
45123,homewellcares.com/in-home-care-fl-the-villages-fl1292
45122,cardinaltrans.com
45077,officecentral.com
44917,ablocks.com
44894,actionspecialties.com
44842,westerndraperyal.com
44827,bobsglass.com_test
44771,skajafuneralhomes.com
44742,molnarlaw.com
44718,hardthue.com
44676,thryvprojectv8test.com
44653,earhartroofing.com
44621,blueashequiprent.com
44604,hercooperations.com
44526,kenwalkerbuilders.com
44512,distinctiveswimmingpools.com
44482,bestvieweyecare.com
44481,eccdemolition.com
44470,newdayfunerals.com
44343,accreditedins.net
44143,barefootgrass.com
44067,hufscape.com
43987,revifymedspa.com
43954,nsnlaw.com
43890,heibelderm.com
43861,aggregatepropertylistings.com
43851,reliancecraneandhoist.com
43850,linkscontracting.com
43730,salemcountyadc.com
43646,delgadoorthodontics.com
43604,ofallonpainrelief.com
43557,thryvtestproject3.com
43549,alaskadentistryforkids.com
43548,chinookfamilydentistry.com
43537,novusglass.com/en-us
43476,kgplumbers.com
43367,douglaswrobel.com
43279,refrigerationfoodequip.com
43275,atlas-sales.com
43251,mycounselingconnections.com
43190,psquartz.com
43186,romadetutoring.com
43156,hastingslawfirm.com
43129,test6hollowaylawgroup.com
43128,test5hollowaylawgroup.com
43127,test4hollowaylawgroup.com
43126,test3hollowaylawgroup.com
43123,hollowaylawgroupdd.com
43096,reliablebonding.com
43068,thryvdemo_new.com
42912,stuartwhitehairlaw.com
42845,myidentityfirst.com
42818,mytotalhomecare.com
42747,getoneservice.com
42744,etheridgeelectric.com
42663,seneticshawaii.com
42654,duffsdumpstersllc.com
42624,winmarcorporation.net
42288,springcreekmed.com
42224,fritchins.com
42117,harbourpainting.com
42089,cliftonfeed.com
42071,biltritebuilding.com
42067,regainlaw.com
42065,cpgtentsandevents.com
42054,dickclarkrealestate.com
41737,tripstraveltours.com
41621,calahanbath.com
41616,skintosoul.com
41570,420limitededition.com
41441,maidtocleanlincoln.com
41415,henick-lane.com
41380,clementsfamilydentistry.com
41356,lakeareaelectric.com
41305,cippack.com
41289,bialouisville.com
41253,arthocremovals.com
41243,batesburginsuranceagency.com
41223,dumpsterdaddycincy.com
41220,treemastersflorida.com
41203,abramroofing.com
41157,rovaunify.com
41094,gastonesealers.com
41083,1rti.com
41082,buysehi.com
41015,memphishomebuyers.net
40972,biztechconsult.com
40962,blindsbymark.co.uk
40960,gratespropaintingpa.com
40901,hazardclean.net
40886,jamesmedical.com
40883,3phasekc.com
40856,akafence.net
40845,countyseatrealty.com
40825,pennyscoffeebar.com
40800,evergreenvalleylandscape.com
40723,arsolarcleaning.com
40717,etmechanical.ca
40699,sunblueenergy.com
40674,cellularprofessor.com
40665,denisaccountingandtax.com
40632,homewellcares.com/in-home-care-fl-bradenton-fl1802
40547,homewellcares.com/in-home-care-fl-sarasota-fl180
40512,rrlcornwall.co.uk
40470,coloradocomfortdesigns.com
40397,texanwindows.com
40316,cryogenicprocessors.com
40297,dallasaquariumkings.com
40276,mushield.com
40203,vdxmarketing.com
40165,maduabumlaw.com
40148,meljesticspa.com
40109,essentialagency.ca
40102,torquemotorsports.ca/en
39862,resultspdr.com
39704,intelligentreverse.com
39652,o-townbarbershop.com
39566,marquee-solutions.com
39516,toughguyswyo.com
39494,queenstown.ca
39420,uniqueroofingservices.com
39344,samplesaascancellationtesting.com
39295,monstersalesusa.com
39187,cubemobileimaging.com
39177,thehandyworx.com
39162,cardsczar.com
39156,vitalitymwc.org
39155,lauritsenflooring.com
39109,dudafresh.com
39108,bluehat.co
39073,version8-30jan.com
38930,familiescollaborate.com
38920,mtechmedia.com
38896,cowcreekrvpark.com
38843,kountrylogistics.com
38779,exitrealtynumberone.com
38714,straightupdoors.ca
38662,v8affiliate_testing.com
38661,v8testingsaas.com
38620,testing10v8testing.com
38587,allaboutroofing.com
38585,fast-tracdesigns.com
38522,duboroofing.com
38505,final29v7tester.com
38489,burnsidelawyer.com
38488,businessistingtesting.com
38486,testingbusinesslisting.com
38448,v7listingproject.com
38345,a1nobleplumbing.com
38307,allhoursplumber.com
38259,iavaz.com
38241,ipconsultinginc.com
38227,scottsdalecarcare.com
38157,baker-contracting.com
38144,eastcoastinjury.com
38092,adrenalfatigue.org
38091,icahealth.com
38016,serviceindustrysuccess.com
37952,azjetting.com
37857,reddogshelters.com
37824,livingwellbainbridge.com
37768,cfctherapy.com
37638,celltechmd.com
37624,jpplumbingaz.com
37559,bonus to shakir
37549,millerlandscapeswesterville.com
37543,chiles-lamanfh.com
37515,aandrstaffing.com
37513,jdonovanlaw.ca/saint-andrews-nb
37458,blckpanda.com
37373,yolointeriors.com
37290,fblawnh.com
37229,anchoragenordicski.com
37120,folgerlaw.com
37077,morganreach.com
36987,aitheinhealing.com
36817,qturf.com
36774,kandmcontractingllc.com
36719,bennettindinc.com
36563,version8updateanguar.com.pages
36417,buzzoffswfl.com
36368,loughlinlawpa.com
36067, remodeledge.com
36007,plumbingservicesolutions.com
35875,solarscreensnmore.com
35834,simplythebestautodetail.net
35802,destinymartialartsacademy.com
35699,hba.net
35689,clintontownshipmichiropractor.com
35659,reliancepaintingaz.com
35554,thesupercleanbros.com
35462,canadianmaplesyrup.com
35442,carolinawestclinic.com
35289,christineforrey.com
35132,gtacademy.ca
35105,ccrdaz.com
35073,caveavin.us
35037,adreamcleaning.com
34922,trelectric.pro
34921,caingroup.com
34899,avenirseniorliving.com/senior-living/az/surprise/behavioral-health
34836,treatplumbingolympia.com
34799,wwbalaw.com
34744,anasazidoor.com
34685,tileworldcornwall.co.uk
34619,seo marketing consultant charges
34560,jaydenblackplumbing.com
34556,jack-krauzer.com
34475,chandlerhallhealthservices.org
34468,pmcommunities.com
34445,pintailcoffee.com
34437,midstateohd.com
34323,lovehonda.com
34265,alwaysfairac.com
34262,bayareaaudiology.com
34228,greatwesttire.ca
34141,loadtrail.com
34115,716cleanuprestoration.com
34069,thediscchiropractic.com
34053,louandcosalon.com
33743,centralaz.edu
33548,statecareercollege.edu
33458,virtualassistantcenter.com
33452,perfectionglass.com
33423,itradecolorado.com
33341,vivianakim.com
33335,smilingwebdesign.com
33211,approve-it.net
33106,capstone-dental.com
33073,alinabocaraton.com
32994,cipolliniroofing.com
32937,capcitylawps.com
32932,fosterandcompany.com
32874,thebookkeeper.com
32840,herfindahlchiropractic.com
32825,raincoastwashandlube.com
32771,v8createproject.com
32770,sdfsfsffff.com
32767,sdfsfsf.com
32738,testproject5.com
32737,testproject4.com
32735,testing-project2.com
32699,windhamlaw.com
32668,zonadumpsterrentalsaz.com
32564,bestdailyever.com
32474,testingproj2233.com
32450,tesingtesting.com
32390,patrickductant.co
32290,surprisehandymanandplumbing.com
32277,azpoopatrol.net
32232,jdonovanlaw.ca/miramichi
32229,jatowing-transport.com
32208,alphaomegaconsulting.com
31995,backtocarechiro.com
31988,idealwellnessnw.com
31985,pamleno.com
31863,v8testingnodata.com
31840,okhc.org
31783,tampatherapy.com
31552,serramontekia.com
31505,westcountryblinds.co.uk
31365,sultanskite.com
31355,yourgreshamchiro.com
31240,kitchenkitsw.com
31230,lakeelectricaz.com
31022,victoriahearingcenter.com
30840,testingproj.com
30764,arco2.co.uk
30739,legacyheatandcool.com
30686,american-trophies.com
30643,irvine-chiro.com
30605,drpalmes.com
30559,jimmybtint.com
30520,testingv8-ebrandz.com/tester-testingproject
30518,onyourfeetaz.com
30127,chooseimpressions.com
29995,fgfg.ca
29969,testingdemo.com
29941,carruthcellars.com
29909,affiliate-reports.com
29748,grizzlypest.com
29664,taxmom.info
29609,seolocalstarterv8.com
29605,testv8localstarter.com
29467,v8cartnew.com
29293,efficienthomepro.com
29127,tropicalplantleasing.com
29057,legendscasino.com
28905,bernardhiller.com
28757,bravosalonaz.com
28691,poolchemservice.com
28570,softwaterspecialistsllc.com
28558,louisvilleoralsurgery.com
28527,kellerasphalt.com
28373,wexfordbus.com
28283,indianarestoration.com
28148,drjeannemichele.com
28139,testingpaymentstage.com
28090,yourbestbusinessconsultant.com
28065,spiralmfg.com
28061,goblupro.com
27941,bargainmovers.ca
27902,superiorserviceonline.com
27899,bonnycastleappliance.com
27895,bci.media
27859,evansmonument.com
27780,choosecancercare.com
27704,dogwoodvetclinic.com
27673,workahaulix.com
27663,permajacklouisville.com
27632,carepatrol.com/northwest-phoenix-arizona
27579,midwaycarrental.com
27523,octrustattorney.com
27195,ezlocalhero.com
27087,thelinksgrill.com
26861,starlanespolaris.com
26728,test_rahul314.com
26714,bronze annual membership
26711,gold membership yearly
26707,gold yearly membership
26570,metimeaz.com
26557,ibuyil.com
26523,regentspizza.com
26490,serramontesubaru.com
26322,ahultestdirectclient@ebrandztest.com
26297,dependablehaulingsolutions.com
26129,thecienceofflipping.com
26069,hurricanedigitalmarketing.com
25947,utsecurity.solutions
25802,gothamairaz.com
25752,bocaratoncouplestherapy.com
25624,trlsolutions.ca
25487,heating.theplumbingandheatingshop.com
25453,jdonovanlaw.ca
25439,excelpaintinglv.com
25437,tangemantreecare.com
25364,surprisecare.com
25129,cprsolutionsaz.com
25052,elitefurniturefs.com
24975,quantumhealingpainclinic.com
24965,themackimpact.org
24941,golacre.com
24936,gooddogaz.com
24718,cleansweephousecleaning.com
24686,trinityadvancedhealth.com
24666,nllandscape.com
24499,scaledmicrobiomics.com
24232,jamaicakindexperts.com
24155,advantagehandy.com
24098,advancedseniorsolutions.com
24036,snyderwenner.com
24035,champsfamilyautomotive.com
23693,sanctuarybailbond.com
23391,employeelevelcancellation.com
23374,mcbrideforsupremecourt.com
23370,noboundaries.marketing
23367,a2kiwanisfoundation.com
22886,goodusedtires.com
22846,yourdigitalpeople.com
22631,midwestbailboinding.com
22546,cherryhillaudi.com
21241,intekhabrizviwebsites.net
21079,intekhab_github.com
20846,southwestintekhab.com
20249,testingsdaas.com
20217,serrabenefits.com
20083,testingemailpayment.com
19708,classccomponents.com
19304,httpcheckpayment.com
19298,cholaca.com
19145,vishal-rawat.com
19087,test123test1.com
18494,tradegenie.com
17449,howardprecision.com
17335,go.calchrome.com
17214,designlandingpage.com
16604,stonecityproducts.com
15359,herbalzilla.com
15144,gorecharge.com
13662,gandgdeckandfence.com
10862,idontlikestudying.com
10511,ebrandz_form.com
10196,aitheinhealing.backup.com
7395,graniteunlimitedinc.com
4019,testingproject_26march1.com
4018,testingproject_26march.com
1800,justrechargeit.com
226,slaytonlawplc1.com
13,projectreportfiles.com
